,Week,Name,Position,Year,Game,Fantasy Points,PassingYards,PassingTDs,Ints,Rush Attempts,Rush Yards,Fumbles,RushTDs,Receptions,Receiving Yards,Receiving TDs
0,1,Lamar Jackson,QB,2019,BAL@MIA,42.00,324,5,0,3,6,0,0,,,
1,1,Dak Prescott,QB,2019,NYG@DAL,41.00,405,4,0,4,12,0,0,,,
2,1,Deshaun Watson,QB,2019,HOU@NO,36.00,268,3,1,4,40,0,1,,,
3,1,Matthew Stafford,QB,2019,DET@ARI,34.00,385,3,0,3,22,1,0,,,
4,1,Case Keenum,QB,2019,WAS@PHI,33.00,380,3,0,0,0,0,0,,,
5,1,Patrick Mahomes,QB,2019,KC@JAX,33.00,378,3,0,1,2,0,0,,,
6,1,Tom Brady,QB,2019,PIT@NE,31.00,341,3,0,0,0,0,0,,,
7,1,Carson Wentz,QB,2019,WAS@PHI,30.00,313,3,0,4,5,0,0,,,
8,1,Marcus Mariota,QB,2019,TEN@CLE,29.00,248,3,0,3,24,0,0,,,
9,1,Philip Rivers,QB,2019,IND@LAC,29.00,333,3,1,1,6,0,0,,,
10,1,Andy Dalton,QB,2019,CIN@SEA,26.00,418,2,0,0,0,2,0,,,
11,1,Kyler Murray,QB,2019,DET@ARI,25.00,308,2,1,3,13,0,0,,,
12,1,Drew Brees,QB,2019,HOU@NO,24.00,370,2,1,0,0,0,0,,,
13,1,Matt Ryan,QB,2019,ATL@MIN,22.00,304,2,2,2,24,0,0,,,
14,1,Gardner Minshew,QB,2019,KC@JAX,21.00,275,2,1,1,6,0,0,,,
15,1,Josh Allen,QB,2019,BUF@NYJ,19.00,254,1,2,10,38,2,1,,,
16,1,Jacoby Brissett,QB,2019,IND@LAC,19.00,190,2,0,3,9,0,0,,,
17,1,Russell Wilson,QB,2019,CIN@SEA,19.00,195,2,0,4,8,0,0,,,
18,1,Eli Manning,QB,2019,NYG@DAL,17.00,306,1,0,1,6,1,0,,,
19,1,Derek Carr,QB,2019,DEN@OAK,16.00,259,1,0,2,2,0,0,,,
20,1,Joe Flacco,QB,2019,DEN@OAK,16.00,268,1,0,1,1,0,0,,,
21,1,Kirk Cousins,QB,2019,ATL@MIN,15.00,98,1,0,6,4,0,1,,,
22,1,Sam Darnold,QB,2019,BUF@NYJ,15.00,175,1,0,1,0,0,0,,,
23,1,Aaron Rodgers,QB,2019,GB@CHI,14.00,203,1,0,3,8,0,0,,,
24,1,Jimmy Garoppolo,QB,2019,SF@TB,12.00,166,1,1,2,-2,0,0,,,
25,1,Ryan Fitzpatrick,QB,2019,BAL@MIA,11.00,185,1,1,1,8,0,0,,,
26,1,Jared Goff,QB,2019,LA@CAR,11.00,186,1,1,4,0,0,0,,,
27,1,Baker Mayfield,QB,2019,TEN@CLE,11.00,285,1,3,0,0,0,0,,,
28,1,Nick Foles,QB,2019,KC@JAX,9.00,75,1,0,0,0,0,0,,,
29,1,Ben Roethlisberger,QB,2019,PIT@NE,9.00,276,0,1,1,7,0,0,,,
30,1,Robert Griffin III,QB,2019,BAL@MIA,8.00,55,1,0,4,9,0,0,,,
31,1,Mitchell Trubisky,QB,2019,GB@CHI,8.00,228,0,1,3,11,0,0,,,
32,1,Jameis Winston,QB,2019,SF@TB,8.00,194,1,3,5,13,0,0,,,
33,1,Taysom Hill,QB,2019,HOU@NO,7.00,0,0,0,2,8,0,0,,,
34,1,Cam Newton,QB,2019,LA@CAR,6.00,239,0,1,3,-2,1,0,,,
35,1,Matt Moore,QB,2019,KC@JAX,0.00,0,0,0,1,-1,0,0,,,
36,1,Ryan Tannehill,QB,2019,TEN@CLE,0.00,0,0,0,2,-2,0,0,,,
37,1,Daniel Jones,QB,2019,NYG@DAL,-1.00,17,0,0,1,5,1,0,,,
38,1,Josh Rosen,QB,2019,BAL@MIA,-2.00,5,0,1,0,0,0,0,,,
39,2,Patrick Mahomes,QB,2019,KC@OAK,40.00,443,4,0,1,-1,1,0,,,
40,2,Lamar Jackson,QB,2019,ARI@BAL,34.00,272,2,0,16,120,0,0,,,
41,2,Dak Prescott,QB,2019,DAL@WAS,32.00,269,3,1,5,69,0,0,,,
42,2,Russell Wilson,QB,2019,SEA@PIT,31.00,300,3,0,6,22,1,0,,,
43,2,Tom Brady,QB,2019,NE@MIA,28.00,264,2,0,2,1,0,1,,,
44,2,Jimmy Garoppolo,QB,2019,SF@CIN,27.00,296,3,1,4,8,0,0,,,
45,2,Josh Allen,QB,2019,BUF@NYG,24.00,253,1,0,7,21,0,1,,,
46,2,Matt Ryan,QB,2019,PHI@ATL,24.00,320,3,3,2,3,0,0,,,
47,2,Jacoby Brissett,QB,2019,IND@TEN,22.00,146,3,1,7,25,1,0,,,
48,2,Andy Dalton,QB,2019,SF@CIN,22.00,311,2,1,2,2,0,0,,,
49,2,Jared Goff,QB,2019,NO@LA,22.00,283,1,0,4,-2,1,1,,,
50,2,Case Keenum,QB,2019,DAL@WAS,20.00,221,2,0,1,-1,0,0,,,
51,2,Aaron Rodgers,QB,2019,MIN@GB,19.00,209,2,0,1,0,1,0,,,
52,2,Carson Wentz,QB,2019,PHI@ATL,19.00,231,1,2,3,3,0,1,,,
53,2,Gardner Minshew,QB,2019,JAX@HOU,18.00,213,1,0,6,56,1,0,,,
54,2,Matthew Stafford,QB,2019,LAC@DET,18.00,245,2,2,4,13,0,0,,,
55,2,Joe Flacco,QB,2019,CHI@DEN,17.00,292,1,1,0,0,0,0,,,
56,2,Baker Mayfield,QB,2019,CLE@NYJ,17.00,325,1,1,0,0,0,0,,,
57,2,Marcus Mariota,QB,2019,IND@TEN,15.00,154,1,0,5,32,0,0,,,
58,2,Kyler Murray,QB,2019,ARI@BAL,15.00,349,0,0,3,4,0,0,,,
59,2,Mason Rudolph,QB,2019,SEA@PIT,14.00,112,2,1,1,7,0,0,,,
60,2,Jameis Winston,QB,2019,TB@CAR,14.00,208,1,0,4,9,0,0,,,
61,2,Eli Manning,QB,2019,BUF@NYG,12.00,250,1,2,1,2,0,0,,,
62,2,Cam Newton,QB,2019,TB@CAR,12.00,333,0,0,2,0,1,0,,,
63,2,Deshaun Watson,QB,2019,JAX@HOU,12.00,159,0,0,4,5,0,1,,,
64,2,Kirk Cousins,QB,2019,MIN@GB,11.00,230,1,2,2,17,1,0,,,
65,2,Derek Carr,QB,2019,KC@OAK,10.00,198,1,2,2,18,0,0,,,
66,2,Philip Rivers,QB,2019,LAC@DET,10.00,293,0,1,1,12,0,0,,,
67,2,Luke Falk,QB,2019,CLE@NYJ,7.00,198,0,0,0,0,0,0,,,
68,2,Teddy Bridgewater,QB,2019,NO@LA,6.00,165,0,0,2,5,0,0,,,
69,2,Mitchell Trubisky,QB,2019,CHI@DEN,4.00,120,0,0,1,8,0,0,,,
70,2,Taysom Hill,QB,2019,NO@LA,3.00,0,0,0,0,0,0,0,,,
71,2,Ben Roethlisberger,QB,2019,SEA@PIT,3.00,75,0,0,0,0,0,0,,,
72,2,Josh Rosen,QB,2019,NE@MIA,1.00,97,0,1,0,0,0,0,,,
73,2,Josh McCown,QB,2019,PHI@ATL,0.00,24,0,0,0,0,0,0,,,
74,2,Trevor Siemian,QB,2019,CLE@NYJ,0.00,3,0,0,0,0,0,0,,,
75,2,Drew Brees,QB,2019,NO@LA,-1.00,38,0,1,0,0,0,0,,,
76,2,Ryan Fitzpatrick,QB,2019,NE@MIA,-3.00,89,0,3,1,6,0,0,,,
77,3,Russell Wilson,QB,2019,NO@SEA,45.00,406,2,0,7,51,0,2,,,
78,3,Daniel Jones,QB,2019,NYG@TB,39.00,336,2,0,4,28,2,2,,,
79,3,Kyle Allen,QB,2019,CAR@ARI,33.00,261,4,0,3,-1,1,0,,,
80,3,Patrick Mahomes,QB,2019,BAL@KC,32.00,374,3,0,4,9,0,0,,,
81,3,Deshaun Watson,QB,2019,HOU@LAC,32.00,351,3,0,7,18,1,0,,,
82,3,Jameis Winston,QB,2019,NYG@TB,31.00,380,3,1,4,3,0,0,,,
83,3,Matt Ryan,QB,2019,ATL@IND,28.00,304,3,1,2,3,0,0,,,
84,3,Dak Prescott,QB,2019,MIA@DAL,25.00,246,2,1,2,7,0,1,,,
85,3,Mitchell Trubisky,QB,2019,CHI@WAS,25.00,231,3,1,1,2,0,0,,,
86,3,Carson Wentz,QB,2019,DET@PHI,25.00,259,2,0,4,33,0,0,,,
87,3,Tom Brady,QB,2019,NYJ@NE,24.00,306,2,0,2,-1,0,0,,,
88,3,Jacoby Brissett,QB,2019,ATL@IND,24.00,310,2,0,3,4,0,0,,,
89,3,Philip Rivers,QB,2019,HOU@LAC,23.00,318,2,0,2,9,1,0,,,
90,3,Gardner Minshew,QB,2019,TEN@JAX,21.00,204,2,0,4,18,0,0,,,
91,3,Teddy Bridgewater,QB,2019,NO@SEA,20.00,177,2,0,3,12,0,0,,,
92,3,Lamar Jackson,QB,2019,BAL@KC,20.00,267,0,0,8,46,0,1,,,
93,3,Kyler Murray,QB,2019,CAR@ARI,20.00,173,2,2,8,69,0,0,,,
94,3,Josh Allen,QB,2019,CIN@BUF,19.00,243,1,1,9,46,0,0,,,
95,3,Derek Carr,QB,2019,OAK@MIN,19.00,242,2,1,1,0,0,0,,,
96,3,Andy Dalton,QB,2019,CIN@BUF,18.00,250,1,2,1,1,0,1,,,
97,3,Jared Goff,QB,2019,LA@CLE,18.00,268,2,2,4,14,1,0,,,
98,3,Case Keenum,QB,2019,CHI@WAS,17.00,332,2,3,2,3,2,0,,,
99,3,Mason Rudolph,QB,2019,PIT@SF,17.00,174,2,1,4,15,0,0,,,
100,3,Marcus Mariota,QB,2019,TEN@JAX,15.00,304,0,0,6,34,0,0,,,
101,3,Aaron Rodgers,QB,2019,DEN@GB,15.00,235,1,0,1,-1,0,0,,,
102,3,Matthew Stafford,QB,2019,DET@PHI,14.00,201,1,0,3,1,0,0,,,
103,3,Kirk Cousins,QB,2019,OAK@MIN,13.00,174,1,0,4,16,0,0,,,
104,3,Jimmy Garoppolo,QB,2019,PIT@SF,12.00,277,1,2,6,3,1,0,,,
105,3,Baker Mayfield,QB,2019,LA@CLE,11.00,195,1,1,1,-1,0,0,,,
106,3,Josh Rosen,QB,2019,MIA@DAL,9.00,200,0,0,3,13,0,0,,,
107,3,Joe Flacco,QB,2019,DEN@GB,5.00,213,0,1,2,5,1,0,,,
108,3,Luke Falk,QB,2019,NYJ@NE,1.00,98,0,1,0,0,0,0,,,
109,3,Ryan Fitzpatrick,QB,2019,MIA@DAL,1.00,29,0,0,0,0,0,0,,,
110,3,Taysom Hill,QB,2019,NO@SEA,1.00,0,0,0,1,5,0,0,,,
111,3,Sean Mannion,QB,2019,OAK@MIN,0.00,0,0,0,2,-2,0,0,,,
112,3,Jarrett Stidham,QB,2019,NYJ@NE,-2.00,14,0,1,0,0,0,0,,,
113,4,Jameis Winston,QB,2019,TB@LA,37.00,385,4,1,1,-1,0,0,,,
114,4,Lamar Jackson,QB,2019,CLE@BAL,29.00,247,3,2,9,66,0,0,,,
115,4,Marcus Mariota,QB,2019,TEN@ATL,29.00,227,3,0,3,22,0,0,,,
116,4,Aaron Rodgers,QB,2019,PHI@GB,29.00,422,2,1,5,46,1,0,,,
117,4,Matthew Stafford,QB,2019,KC@DET,29.00,291,3,0,2,18,1,0,,,
118,4,Joe Flacco,QB,2019,JAX@DEN,28.00,303,3,1,1,-1,0,0,,,
119,4,Jacoby Brissett,QB,2019,OAK@IND,27.00,265,3,1,5,19,0,0,,,
120,4,Jared Goff,QB,2019,TB@LA,25.00,517,2,3,0,0,1,0,,,
121,4,Carson Wentz,QB,2019,PHI@GB,25.00,160,3,0,6,13,0,0,,,
122,4,Philip Rivers,QB,2019,LAC@MIA,24.00,310,2,0,1,0,0,0,,,
123,4,Mason Rudolph,QB,2019,CIN@PIT,21.00,229,2,0,3,-3,0,0,,,
124,4,Gardner Minshew,QB,2019,JAX@DEN,20.00,213,2,0,1,2,0,0,,,
125,4,Derek Carr,QB,2019,OAK@IND,18.00,189,2,0,2,-1,1,0,,,
126,4,Patrick Mahomes,QB,2019,KC@DET,17.00,315,0,0,6,54,0,0,,,
127,4,Baker Mayfield,QB,2019,CLE@BAL,17.00,342,1,1,3,1,0,0,,,
128,4,Kyler Murray,QB,2019,SEA@ARI,15.00,241,0,1,4,27,0,1,,,
129,4,Matt Ryan,QB,2019,TEN@ATL,15.00,397,0,0,2,18,1,0,,,
130,4,Russell Wilson,QB,2019,SEA@ARI,15.00,240,1,0,2,7,0,0,,,
131,4,Daniel Jones,QB,2019,WAS@NYG,14.00,225,1,2,5,33,0,0,,,
132,4,Chase Daniel,QB,2019,MIN@CHI,13.00,195,1,0,5,4,0,0,,,
133,4,Deshaun Watson,QB,2019,CAR@HOU,12.00,160,0,0,3,12,1,1,,,
134,4,Josh Rosen,QB,2019,LAC@MIA,11.00,180,1,1,0,0,0,0,,,
135,4,Josh Allen,QB,2019,NE@BUF,8.00,153,0,3,5,26,0,1,,,
136,4,Kirk Cousins,QB,2019,MIN@CHI,8.00,233,0,0,0,0,1,0,,,
137,4,Kyle Allen,QB,2019,CAR@HOU,6.00,232,0,0,0,0,3,0,,,
138,4,Dak Prescott,QB,2019,DAL@NO,6.00,223,0,1,1,7,0,0,,,
139,4,Teddy Bridgewater,QB,2019,DAL@NO,5.00,193,0,1,3,8,0,0,,,
140,4,Tom Brady,QB,2019,NE@BUF,4.00,150,0,1,3,-3,0,0,,,
141,4,Matt Barkley,QB,2019,NE@BUF,3.00,127,0,1,0,0,0,0,,,
142,4,Andy Dalton,QB,2019,CIN@PIT,3.00,171,0,1,3,8,1,0,,,
143,4,Taysom Hill,QB,2019,DAL@NO,1.00,0,0,0,2,16,0,0,,,
144,4,Dwayne Haskins,QB,2019,WAS@NYG,0.00,107,0,3,2,23,0,0,,,
145,4,Tyrod Taylor,QB,2019,LAC@MIA,0.00,7,0,0,4,-1,0,0,,,
146,4,Mitchell Trubisky,QB,2019,MIN@CHI,0.00,9,0,0,0,0,0,0,,,
147,4,Case Keenum,QB,2019,WAS@NYG,-1.00,37,0,1,0,0,0,0,,,
148,5,Deshaun Watson,QB,2019,ATL@HOU,51.00,426,5,0,4,47,0,0,,,
149,5,Matt Ryan,QB,2019,ATL@HOU,37.00,330,3,1,3,7,0,1,,,
150,5,Russell Wilson,QB,2019,LA@SEA,37.00,268,4,0,8,32,0,0,,,
151,5,Teddy Bridgewater,QB,2019,TB@NO,34.00,314,4,1,5,7,0,0,,,
152,5,Tom Brady,QB,2019,NE@WAS,29.00,348,3,1,0,0,0,0,,,
153,5,Gardner Minshew,QB,2019,JAX@CAR,27.00,374,2,0,7,42,3,0,,,
154,5,Dak Prescott,QB,2019,GB@DAL,26.00,463,2,3,4,27,0,0,,,
155,5,Kyler Murray,QB,2019,ARI@CIN,25.00,253,0,0,10,93,0,1,,,
156,5,Kirk Cousins,QB,2019,MIN@NYG,24.00,306,2,0,3,3,0,0,,,
157,5,Andy Dalton,QB,2019,ARI@CIN,22.00,262,2,0,2,5,0,0,,,
158,5,Jameis Winston,QB,2019,TB@NO,21.00,204,2,0,3,13,0,0,,,
159,5,Josh Allen,QB,2019,BUF@TEN,20.00,219,2,1,10,27,0,0,,,
160,5,Jimmy Garoppolo,QB,2019,CLE@SF,19.00,181,2,0,4,-3,0,0,,,
161,5,Jared Goff,QB,2019,LA@SEA,19.00,395,1,1,1,1,0,0,,,
162,5,Patrick Mahomes,QB,2019,IND@KC,19.00,321,1,0,3,17,0,0,,,
163,5,Chase Daniel,QB,2019,CHI@OAK,17.00,231,2,2,1,2,0,0,,,
164,5,Kyle Allen,QB,2019,JAX@CAR,13.00,181,1,0,1,4,0,0,,,
165,5,Lamar Jackson,QB,2019,BAL@PIT,13.00,161,1,3,14,70,0,0,,,
166,5,Carson Wentz,QB,2019,NYJ@PHI,13.00,189,1,0,2,5,0,0,,,
167,5,Daniel Jones,QB,2019,MIN@NYG,12.00,182,1,1,3,12,0,0,,,
168,5,Mason Rudolph,QB,2019,BAL@PIT,11.00,131,1,0,0,0,0,0,,,
169,5,Jacoby Brissett,QB,2019,IND@KC,10.00,151,0,1,6,9,0,1,,,
170,5,Joe Flacco,QB,2019,DEN@LAC,10.00,182,1,1,3,7,1,0,,,
171,5,Aaron Rodgers,QB,2019,GB@DAL,9.00,238,0,0,4,-1,0,0,,,
172,5,Derek Carr,QB,2019,CHI@OAK,8.00,229,0,0,3,8,1,0,,,
173,5,Marcus Mariota,QB,2019,BUF@TEN,8.00,183,0,0,5,13,0,0,,,
174,5,Devlin Hodges,QB,2019,BAL@PIT,4.00,68,0,0,2,20,0,0,,,
175,5,Philip Rivers,QB,2019,DEN@LAC,4.00,211,0,2,1,-3,0,0,,,
176,5,Colt McCoy,QB,2019,NE@WAS,3.00,122,0,1,2,14,0,0,,,
177,5,Taysom Hill,QB,2019,TB@NO,1.00,18,0,0,2,14,0,0,,,
178,5,Garrett Gilbert,QB,2019,CLE@SF,0.00,0,0,0,0,0,0,0,,,
179,5,Josh McCown,QB,2019,NYJ@PHI,0.00,0,0,0,2,-2,0,0,,,
180,5,Jarrett Stidham,QB,2019,NE@WAS,0.00,0,0,0,0,0,0,0,,,
181,5,Luke Falk,QB,2019,NYJ@PHI,-1.00,120,0,2,0,0,1,0,,,
182,5,Baker Mayfield,QB,2019,CLE@SF,-1.00,100,0,2,0,0,1,0,,,
183,6,Matt Ryan,QB,2019,ATL@ARI,38.00,356,4,0,2,7,0,0,,,
184,6,Kirk Cousins,QB,2019,PHI@MIN,35.00,333,4,1,2,0,0,0,,,
185,6,Kyler Murray,QB,2019,ATL@ARI,34.00,340,3,0,11,32,0,0,,,
186,6,Russell Wilson,QB,2019,SEA@CLE,32.00,295,2,0,9,31,0,1,,,
187,6,Deshaun Watson,QB,2019,HOU@KC,31.00,280,1,2,10,42,0,2,,,
188,6,Lamar Jackson,QB,2019,CIN@BAL,30.00,236,0,0,19,152,0,1,,,
189,6,Patrick Mahomes,QB,2019,HOU@KC,25.00,273,3,1,1,-1,1,0,,,
190,6,Carson Wentz,QB,2019,PHI@MIN,24.00,306,2,1,2,23,0,0,,,
191,6,Sam Darnold,QB,2019,DAL@NYJ,23.00,338,2,1,5,1,0,0,,,
192,6,Tom Brady,QB,2019,NYG@NE,22.00,334,0,1,7,6,1,2,,,
193,6,Aaron Rodgers,QB,2019,DET@GB,22.00,283,2,1,3,10,0,0,,,
194,6,Kyle Allen,QB,2019,CAR@TB,21.00,227,2,0,3,3,0,0,,,
195,6,Baker Mayfield,QB,2019,SEA@CLE,20.00,249,1,3,4,35,0,1,,,
196,6,Case Keenum,QB,2019,WAS@MIA,19.00,166,2,0,4,10,0,0,,,
197,6,Philip Rivers,QB,2019,PIT@LAC,19.00,320,2,2,1,0,1,0,,,
198,6,Dak Prescott,QB,2019,DAL@NYJ,18.00,278,0,0,3,11,0,1,,,
199,6,Teddy Bridgewater,QB,2019,NO@JAX,15.00,240,1,0,3,0,0,0,,,
200,6,Jameis Winston,QB,2019,CAR@TB,15.00,400,1,5,1,1,1,0,,,
201,6,Andy Dalton,QB,2019,CIN@BAL,13.00,235,0,1,1,2,0,1,,,
202,6,Jimmy Garoppolo,QB,2019,SF@LA,12.00,243,0,1,5,4,1,1,,,
203,6,Ryan Fitzpatrick,QB,2019,WAS@MIA,11.00,132,1,0,2,5,0,0,,,
204,6,Matthew Stafford,QB,2019,DET@GB,10.00,265,0,0,3,9,0,0,,,
205,6,Devlin Hodges,QB,2019,PIT@LAC,9.00,132,1,1,3,8,0,0,,,
206,6,Daniel Jones,QB,2019,NYG@NE,6.00,161,1,3,2,8,0,0,,,
207,6,Joe Flacco,QB,2019,TEN@DEN,5.00,177,0,1,4,-1,0,0,,,
208,6,Gardner Minshew,QB,2019,NO@JAX,4.00,163,0,1,2,1,0,0,,,
209,6,Ryan Tannehill,QB,2019,TEN@DEN,3.00,144,0,1,1,6,0,0,,,
210,6,Jared Goff,QB,2019,SF@LA,2.00,78,0,0,1,0,1,0,,,
211,6,Taysom Hill,QB,2019,NO@JAX,1.00,0,0,0,3,17,0,0,,,
212,6,Josh Rosen,QB,2019,WAS@MIA,-1.00,85,0,2,0,0,0,0,,,
213,6,Marcus Mariota,QB,2019,TEN@DEN,-2.00,63,0,2,2,4,0,0,,,
214,7,Aaron Rodgers,QB,2019,OAK@GB,53.00,429,5,0,2,6,0,1,,,
215,7,Kirk Cousins,QB,2019,MIN@DET,37.00,338,4,0,4,-3,0,0,,,
216,7,Jacoby Brissett,QB,2019,HOU@IND,36.00,326,4,0,5,6,1,0,,,
217,7,Matthew Stafford,QB,2019,MIN@DET,36.00,364,4,1,0,0,0,0,,,
218,7,Jared Goff,QB,2019,LA@ATL,28.00,268,2,0,3,3,0,1,,,
219,7,Josh Allen,QB,2019,MIA@BUF,25.00,202,2,0,4,32,0,0,,,
220,7,Philip Rivers,QB,2019,LAC@TEN,25.00,329,2,0,0,0,0,0,,,
221,7,Mitchell Trubisky,QB,2019,NO@CHI,24.00,251,2,0,0,0,0,0,,,
222,7,Teddy Bridgewater,QB,2019,NO@CHI,23.00,281,2,0,4,7,0,0,,,
223,7,Ryan Fitzpatrick,QB,2019,MIA@BUF,22.00,282,1,1,6,13,0,1,,,
224,7,Lamar Jackson,QB,2019,BAL@SEA,22.00,143,0,0,14,116,0,1,,,
225,7,Gardner Minshew,QB,2019,JAX@CIN,22.00,255,1,0,9,48,0,0,,,
226,7,Dak Prescott,QB,2019,PHI@DAL,22.00,239,1,1,5,30,0,1,,,
227,7,Ryan Tannehill,QB,2019,LAC@TEN,22.00,312,2,1,5,7,0,0,,,
228,7,Derek Carr,QB,2019,OAK@GB,20.00,293,2,1,2,0,1,0,,,
229,7,Andy Dalton,QB,2019,JAX@CIN,20.00,276,1,3,4,33,0,1,,,
230,7,Deshaun Watson,QB,2019,HOU@IND,17.00,308,1,2,3,32,0,0,,,
231,7,Russell Wilson,QB,2019,BAL@SEA,15.00,241,1,1,3,27,0,0,,,
232,7,Tom Brady,QB,2019,NE@NYJ,13.00,249,1,1,0,0,0,0,,,
233,7,Daniel Jones,QB,2019,ARI@NYG,13.00,223,1,1,4,35,2,0,,,
234,7,Matt Moore,QB,2019,KC@DEN,10.00,117,1,0,1,-1,0,0,,,
235,7,Carson Wentz,QB,2019,PHI@DAL,10.00,191,1,1,4,12,2,0,,,
236,7,Taysom Hill,QB,2019,NO@CHI,9.00,0,0,0,2,21,0,0,,,
237,7,Patrick Mahomes,QB,2019,KC@DEN,9.00,76,1,0,1,2,0,0,,,
238,7,Matt Schaub,QB,2019,LA@ATL,8.00,65,1,0,1,-1,0,0,,,
239,7,Joe Flacco,QB,2019,KC@DEN,7.00,213,0,0,0,0,1,0,,,
240,7,Mike Glennon,QB,2019,OAK@GB,7.00,36,1,0,0,0,0,0,,,
241,7,Jimmy Garoppolo,QB,2019,SF@WAS,6.00,151,0,1,4,20,0,0,,,
242,7,Kyler Murray,QB,2019,ARI@NYG,6.00,104,0,0,10,28,0,0,,,
243,7,Case Keenum,QB,2019,SF@WAS,3.00,77,0,0,0,0,0,0,,,
244,7,Matt Ryan,QB,2019,LA@ATL,3.00,159,0,1,1,2,1,0,,,
245,7,Tim Boyle,QB,2019,OAK@GB,0.00,0,0,0,3,-3,0,0,,,
246,7,Jarrett Stidham,QB,2019,NE@NYJ,0.00,0,0,0,2,-2,0,0,,,
247,7,Sam Darnold,QB,2019,NE@NYJ,-6.00,86,0,4,2,-1,1,0,,,
248,8,Daniel Jones,QB,2019,NYG@DET,36.00,322,4,0,4,13,1,0,,,
249,8,Deshaun Watson,QB,2019,OAK@HOU,33.00,279,3,0,10,46,0,0,,,
250,8,Aaron Rodgers,QB,2019,GB@KC,32.00,305,3,0,6,29,0,0,,,
251,8,Drew Brees,QB,2019,ARI@NO,30.00,373,3,1,0,0,0,0,,,
252,8,Gardner Minshew,QB,2019,NYJ@JAX,30.00,279,3,0,8,28,1,0,,,
253,8,Derek Carr,QB,2019,OAK@HOU,29.00,285,3,0,0,0,0,0,,,
254,8,Matthew Stafford,QB,2019,NYG@DET,29.00,342,3,1,2,-3,0,0,,,
255,8,Jared Goff,QB,2019,CIN@LA,26.00,372,2,0,0,0,0,0,,,
256,8,Ryan Tannehill,QB,2019,TB@TEN,25.00,193,3,0,4,-3,0,0,,,
257,8,Jameis Winston,QB,2019,TB@TEN,25.00,301,2,2,8,53,2,0,,,
258,8,Matt Schaub,QB,2019,SEA@ATL,23.00,460,1,1,0,0,1,0,,,
259,8,Tom Brady,QB,2019,CLE@NE,22.00,259,2,0,0,0,0,0,,,
260,8,Matt Moore,QB,2019,GB@KC,22.00,267,2,0,1,3,0,0,,,
261,8,Josh Allen,QB,2019,PHI@BUF,21.00,169,2,0,8,45,1,0,,,
262,8,Andy Dalton,QB,2019,CIN@LA,20.00,329,1,0,1,4,0,0,,,
263,8,Mason Rudolph,QB,2019,MIA@PIT,20.00,251,2,1,0,0,0,0,,,
264,8,Russell Wilson,QB,2019,SEA@ATL,19.00,182,2,0,4,4,0,0,,,
265,8,Jimmy Garoppolo,QB,2019,CAR@SF,17.00,175,2,1,0,0,0,0,,,
266,8,Sam Darnold,QB,2019,NYJ@JAX,16.00,218,2,3,1,-1,0,0,,,
267,8,Ryan Fitzpatrick,QB,2019,MIA@PIT,15.00,190,2,2,5,17,1,0,,,
268,8,Taysom Hill,QB,2019,ARI@NO,15.00,0,0,0,0,0,0,0,,,
269,8,Carson Wentz,QB,2019,PHI@BUF,15.00,172,1,0,8,35,0,0,,,
270,8,Baker Mayfield,QB,2019,CLE@NE,12.00,194,1,1,1,18,0,0,,,
271,8,Philip Rivers,QB,2019,LAC@CHI,12.00,201,1,1,0,0,0,0,,,
272,8,Kirk Cousins,QB,2019,WAS@MIN,11.00,285,0,0,2,2,0,0,,,
273,8,Jacoby Brissett,QB,2019,DEN@IND,10.00,202,0,0,6,34,1,0,,,
274,8,Kyler Murray,QB,2019,ARI@NO,9.00,220,0,0,2,13,0,0,,,
275,8,Mitchell Trubisky,QB,2019,LAC@CHI,8.00,253,0,1,4,10,1,0,,,
276,8,Joe Flacco,QB,2019,DEN@IND,6.00,174,0,0,1,9,0,0,,,
277,8,Case Keenum,QB,2019,WAS@MIN,4.00,130,0,0,0,0,1,0,,,
278,8,Kyle Allen,QB,2019,CAR@SF,0.00,158,0,3,0,0,0,0,,,
279,8,Teddy Bridgewater,QB,2019,ARI@NO,0.00,0,0,0,2,-2,0,0,,,
280,8,Brett Hundley,QB,2019,ARI@NO,0.00,0,0,0,0,0,0,0,,,
281,8,Nick Mullens,QB,2019,CAR@SF,0.00,0,0,0,3,-3,0,0,,,
282,8,Dwayne Haskins,QB,2019,WAS@MIN,-1.00,33,0,1,0,0,0,0,,,
283,9,Russell Wilson,QB,2019,TB@SEA,49.00,378,5,0,1,21,0,0,,,
284,9,Jimmy Garoppolo,QB,2019,SF@ARI,36.00,317,4,0,3,2,0,0,,,
285,9,Matthew Stafford,QB,2019,DET@OAK,31.00,406,3,1,3,6,1,0,,,
286,9,Lamar Jackson,QB,2019,NE@BAL,30.00,163,1,0,16,61,0,2,,,
287,9,Ryan Fitzpatrick,QB,2019,NYJ@MIA,29.00,288,3,0,5,2,0,0,,,
288,9,Dak Prescott,QB,2019,DAL@NYG,27.00,257,3,1,3,12,0,0,,,
289,9,Kirk Cousins,QB,2019,MIN@KC,26.00,220,3,0,1,5,0,0,,,
290,9,Kyler Murray,QB,2019,SF@ARI,26.00,241,2,0,5,34,0,0,,,
291,9,Ryan Tannehill,QB,2019,TEN@CAR,24.00,331,1,2,4,38,0,1,,,
292,9,Jameis Winston,QB,2019,TB@SEA,24.00,335,2,0,2,8,1,0,,,
293,9,Derek Carr,QB,2019,DET@OAK,23.00,289,2,0,0,0,0,0,,,
294,9,Deshaun Watson,QB,2019,HOU@JAX,23.00,201,2,0,7,37,0,0,,,
295,9,Brian Hoyer,QB,2019,IND@PIT,21.00,168,3,1,1,6,1,0,,,
296,9,Brandon Allen,QB,2019,CLE@DEN,20.00,193,2,0,5,13,0,0,,,
297,9,Josh Allen,QB,2019,WAS@BUF,19.00,160,1,0,8,12,0,1,,,
298,9,Kyle Allen,QB,2019,TEN@CAR,19.00,232,2,1,3,-4,0,0,,,
299,9,Baker Mayfield,QB,2019,CLE@DEN,18.00,273,1,0,3,22,0,0,,,
300,9,Matt Moore,QB,2019,MIN@KC,17.00,275,1,0,0,0,0,0,,,
301,9,Carson Wentz,QB,2019,CHI@PHI,16.00,239,1,0,4,15,0,0,,,
302,9,Tom Brady,QB,2019,NE@BAL,15.00,285,1,1,0,0,0,0,,,
303,9,Daniel Jones,QB,2019,DAL@NYG,15.00,210,1,1,6,54,2,0,,,
304,9,Sam Darnold,QB,2019,NYJ@MIA,14.00,260,1,1,2,1,0,0,,,
305,9,Aaron Rodgers,QB,2019,GB@LAC,14.00,161,1,0,1,5,0,0,,,
306,9,Philip Rivers,QB,2019,GB@LAC,11.00,294,0,0,3,0,0,0,,,
307,9,Mason Rudolph,QB,2019,IND@PIT,11.00,191,1,1,3,5,0,0,,,
308,9,Gardner Minshew,QB,2019,HOU@JAX,9.00,309,0,2,4,34,2,0,,,
309,9,Dwayne Haskins,QB,2019,WAS@BUF,6.00,144,0,0,3,14,0,0,,,
310,9,Mitchell Trubisky,QB,2019,CHI@PHI,6.00,125,0,0,2,15,0,0,,,
311,9,Jacoby Brissett,QB,2019,IND@PIT,2.00,59,0,0,2,4,0,0,,,
312,10,Daniel Jones,QB,2019,NYG@NYJ,39.00,308,4,0,3,20,1,0,,,
313,10,Lamar Jackson,QB,2019,BAL@CIN,38.00,223,3,0,7,65,0,1,,,
314,10,Patrick Mahomes,QB,2019,KC@TEN,35.00,446,3,0,0,0,0,0,,,
315,10,Kyler Murray,QB,2019,ARI@TB,31.00,324,3,1,3,38,0,0,,,
316,10,Dak Prescott,QB,2019,MIN@DAL,31.00,397,3,1,0,0,0,0,,,
317,10,Josh Allen,QB,2019,BUF@CLE,24.00,266,0,0,6,28,0,2,,,
318,10,Mitchell Trubisky,QB,2019,DET@CHI,24.00,173,3,0,3,8,0,0,,,
319,10,Sam Darnold,QB,2019,NYG@NYJ,23.00,230,1,0,3,25,0,1,,,
320,10,Ryan Tannehill,QB,2019,KC@TEN,23.00,181,2,0,3,37,1,0,,,
321,10,Kirk Cousins,QB,2019,MIN@DAL,22.00,220,2,0,1,5,0,0,,,
322,10,Baker Mayfield,QB,2019,BUF@CLE,21.00,238,2,0,2,1,0,0,,,
323,10,Jameis Winston,QB,2019,ARI@TB,20.00,358,1,2,3,40,0,0,,,
324,10,Jeff Driskel,QB,2019,DET@CHI,18.00,269,1,1,5,37,0,0,,,
325,10,Matt Ryan,QB,2019,ATL@NO,18.00,182,2,1,2,13,0,0,,,
326,10,Russell Wilson,QB,2019,SEA@SF,18.00,232,1,1,6,53,0,0,,,
327,10,Kyle Allen,QB,2019,CAR@GB,16.00,307,1,1,3,12,1,0,,,
328,10,Mason Rudolph,QB,2019,LA@PIT,15.00,242,1,0,2,-1,0,0,,,
329,10,Derek Carr,QB,2019,LAC@OAK,14.00,218,1,0,1,4,0,0,,,
330,10,Philip Rivers,QB,2019,LAC@OAK,14.00,207,2,3,0,0,0,0,,,
331,10,Jimmy Garoppolo,QB,2019,SEA@SF,13.00,248,1,1,2,1,2,0,,,
332,10,Ryan Fitzpatrick,QB,2019,MIA@IND,12.00,169,0,1,4,23,0,1,,,
333,10,Drew Brees,QB,2019,ATL@NO,11.00,287,0,0,0,0,0,0,,,
334,10,Ryan Finley,QB,2019,BAL@CIN,11.00,167,1,1,5,22,1,0,,,
335,10,Aaron Rodgers,QB,2019,CAR@GB,9.00,233,0,0,1,7,0,0,,,
336,10,Brian Hoyer,QB,2019,MIA@IND,8.00,204,1,3,2,0,0,0,,,
337,10,Jared Goff,QB,2019,LA@PIT,4.00,243,0,2,1,0,1,0,,,
338,10,Taysom Hill,QB,2019,ATL@NO,2.00,17,0,0,1,11,0,0,,,
339,10,Blake Bortles,QB,2019,LA@PIT,0.00,0,0,0,1,1,0,0,,,
340,10,Robert Griffin III,QB,2019,BAL@CIN,-2.00,20,0,1,0,9,0,0,,,
341,11,Josh Allen,QB,2019,BUF@MIA,39.00,256,3,0,7,56,0,1,,,
342,11,Lamar Jackson,QB,2019,HOU@BAL,39.00,222,4,0,10,79,0,0,,,
343,11,Jimmy Garoppolo,QB,2019,ARI@SF,36.00,424,4,2,1,7,0,0,,,
344,11,Dak Prescott,QB,2019,DAL@DET,36.00,444,3,0,6,18,0,0,,,
345,11,Sam Darnold,QB,2019,NYJ@WAS,33.00,293,4,1,2,-3,0,0,,,
346,11,Jeff Driskel,QB,2019,DAL@DET,31.00,209,2,0,8,51,0,1,,,
347,11,Kyler Murray,QB,2019,ARI@SF,30.00,150,2,0,8,67,0,1,,,
348,11,Kirk Cousins,QB,2019,DEN@MIN,29.00,319,3,0,2,1,1,0,,,
349,11,Drew Brees,QB,2019,NO@TB,27.00,228,3,0,3,0,0,0,,,
350,11,Baker Mayfield,QB,2019,PIT@CLE,25.00,193,2,0,1,1,0,1,,,
351,11,Derek Carr,QB,2019,CIN@OAK,21.00,292,1,1,5,1,0,1,,,
352,11,Nick Foles,QB,2019,JAX@IND,21.00,296,2,1,0,0,0,0,,,
353,11,Dwayne Haskins,QB,2019,NYJ@WAS,20.00,214,2,1,4,5,0,0,,,
354,11,Matt Ryan,QB,2019,ATL@CAR,18.00,311,1,0,2,0,0,0,,,
355,11,Jameis Winston,QB,2019,NO@TB,18.00,313,2,4,2,23,0,0,,,
356,11,Jacoby Brissett,QB,2019,JAX@IND,16.00,148,1,1,2,12,0,1,,,
357,11,Patrick Mahomes,QB,2019,KC@LAC,16.00,182,1,1,5,59,0,0,,,
358,11,Brandon Allen,QB,2019,DEN@MIN,14.00,240,1,1,3,18,0,0,,,
359,11,Philip Rivers,QB,2019,KC@LAC,14.00,353,1,4,0,0,0,0,,,
360,11,Carson Wentz,QB,2019,NE@PHI,14.00,214,1,0,3,17,1,0,,,
361,11,Ryan Fitzpatrick,QB,2019,BUF@MIA,12.00,323,0,0,1,0,0,0,,,
362,11,Mitchell Trubisky,QB,2019,CHI@LA,11.00,190,1,1,1,4,0,0,,,
363,11,Tom Brady,QB,2019,NE@PHI,8.00,216,0,0,1,-1,0,0,,,
364,11,Mason Rudolph,QB,2019,PIT@CLE,7.00,221,1,4,2,15,0,0,,,
365,11,Kyle Allen,QB,2019,ATL@CAR,5.00,325,0,4,1,7,0,0,,,
366,11,Ryan Finley,QB,2019,CIN@OAK,5.00,115,0,1,3,47,1,0,,,
367,11,Jared Goff,QB,2019,CHI@LA,4.00,173,0,1,3,3,0,0,,,
368,11,Deshaun Watson,QB,2019,HOU@BAL,4.00,169,0,1,3,12,1,0,,,
369,11,Taysom Hill,QB,2019,NO@TB,1.00,0,0,0,1,2,0,0,,,
370,11,Chase Daniel,QB,2019,CHI@LA,0.00,9,0,0,0,0,0,0,,,
371,11,Garrett Gilbert,QB,2019,PIT@CLE,0.00,0,0,0,1,-1,0,0,,,
372,11,Robert Griffin III,QB,2019,HOU@BAL,0.00,15,0,0,1,-1,0,0,,,
373,11,Brian Hoyer,QB,2019,JAX@IND,0.00,0,0,0,2,-2,0,0,,,
374,11,A.J. McCarron,QB,2019,HOU@BAL,0.00,0,0,0,0,0,0,0,,,
375,11,Matt Schaub,QB,2019,ATL@CAR,0.00,0,0,0,1,-1,0,0,,,
376,12,Lamar Jackson,QB,2019,BAL@LA,45.00,169,5,0,8,95,0,0,,,
377,12,Ryan Tannehill,QB,2019,JAX@TEN,37.00,259,2,0,7,40,1,2,,,
378,12,Sam Darnold,QB,2019,OAK@NYJ,31.00,315,2,0,4,16,0,1,,,
379,12,Baker Mayfield,QB,2019,MIA@CLE,29.00,327,3,1,2,5,0,0,,,
380,12,Jameis Winston,QB,2019,TB@ATL,29.00,313,3,2,8,38,0,0,,,
381,12,Kyle Allen,QB,2019,CAR@NO,28.00,256,3,0,1,9,0,0,,,
382,12,Drew Brees,QB,2019,CAR@NO,28.00,311,3,1,0,0,0,0,,,
383,12,Ryan Fitzpatrick,QB,2019,MIA@CLE,26.00,214,2,2,5,45,0,1,,,
384,12,Josh Allen,QB,2019,DEN@BUF,22.00,185,2,1,9,56,0,0,,,
385,12,Jimmy Garoppolo,QB,2019,GB@SF,22.00,253,2,0,2,1,0,0,,,
386,12,Deshaun Watson,QB,2019,IND@HOU,22.00,298,2,1,3,10,0,0,,,
387,12,Mitchell Trubisky,QB,2019,NYG@CHI,20.00,278,1,2,7,18,0,1,,,
388,12,Daniel Jones,QB,2019,NYG@CHI,19.00,150,2,0,2,27,1,0,,,
389,12,Jeff Driskel,QB,2019,DET@WAS,14.00,207,1,3,9,63,0,0,,,
390,12,Nick Foles,QB,2019,JAX@TEN,14.00,272,0,0,3,20,0,0,,,
391,12,Tom Brady,QB,2019,DAL@NE,13.00,190,1,0,2,-3,0,0,,,
392,12,Jacoby Brissett,QB,2019,IND@HOU,13.00,129,0,0,4,20,0,1,,,
393,12,Ryan Finley,QB,2019,PIT@CIN,12.00,192,1,0,2,8,1,0,,,
394,12,Aaron Rodgers,QB,2019,GB@SF,12.00,104,1,0,3,13,1,0,,,
395,12,Carson Wentz,QB,2019,SEA@PHI,12.00,256,1,2,5,27,2,0,,,
396,12,Russell Wilson,QB,2019,SEA@PHI,12.00,200,1,1,3,15,1,0,,,
397,12,Devlin Hodges,QB,2019,PIT@CIN,10.00,118,1,0,3,1,0,0,,,
398,12,Matt Schaub,QB,2019,TB@ATL,8.00,55,1,0,0,0,0,0,,,
399,12,Matt Ryan,QB,2019,TB@ATL,7.00,271,0,1,1,8,1,0,,,
400,12,Dak Prescott,QB,2019,DAL@NE,6.00,212,0,1,1,4,0,0,,,
401,12,Dwayne Haskins,QB,2019,DET@WAS,5.00,156,0,1,3,28,1,0,,,
402,12,Derek Carr,QB,2019,OAK@NYJ,4.00,127,0,1,1,11,0,0,,,
403,12,Jared Goff,QB,2019,BAL@LA,4.00,212,0,2,1,-1,0,0,,,
404,12,Brandon Allen,QB,2019,DEN@BUF,1.00,82,0,1,2,8,0,0,,,
405,12,Robert Griffin III,QB,2019,BAL@LA,1.00,39,0,0,3,-3,0,0,,,
406,12,Taysom Hill,QB,2019,CAR@NO,1.00,0,0,0,0,0,0,0,,,
407,12,Mason Rudolph,QB,2019,PIT@CIN,1.00,85,0,1,4,4,0,0,,,
408,12,Tim Boyle,QB,2019,GB@SF,0.00,15,0,0,0,0,0,0,,,
409,12,Garrett Gilbert,QB,2019,MIA@CLE,0.00,0,0,0,1,-1,0,0,,,
410,12,Case Keenum,QB,2019,DET@WAS,0.00,0,0,0,1,-1,0,0,,,
411,12,Mike Glennon,QB,2019,OAK@NYJ,-1.00,20,0,0,2,0,1,0,,,
412,13,Aaron Rodgers,QB,2019,GB@NYG,35.00,243,4,0,3,24,0,0,,,
413,13,Deshaun Watson,QB,2019,NE@HOU,34.00,234,3,0,4,-1,0,0,,,
414,13,Ryan Fitzpatrick,QB,2019,PHI@MIA,32.00,365,3,1,3,2,0,0,,,
415,13,Tom Brady,QB,2019,NE@HOU,30.00,326,3,1,1,13,0,0,,,
416,13,Carson Wentz,QB,2019,PHI@MIA,30.00,310,3,1,0,0,0,0,,,
417,13,Mitchell Trubisky,QB,2019,CHI@DET,29.00,338,3,1,4,4,0,0,,,
418,13,Kyle Allen,QB,2019,WAS@CAR,28.00,278,2,1,4,22,1,1,,,
419,13,Jared Goff,QB,2019,LA@ARI,28.00,424,2,0,0,0,0,0,,,
420,13,Dak Prescott,QB,2019,BUF@DAL,27.00,355,2,1,4,25,1,0,,,
421,13,Josh Allen,QB,2019,BUF@DAL,25.00,231,1,0,10,43,0,1,,,
422,13,Lamar Jackson,QB,2019,SF@BAL,25.00,105,1,0,16,101,1,1,,,
423,13,David Blough,QB,2019,CHI@DET,21.00,280,2,1,1,1,0,0,,,
424,13,Kirk Cousins,QB,2019,MIN@SEA,21.00,276,2,1,0,0,0,0,,,
425,13,Patrick Mahomes,QB,2019,OAK@KC,21.00,175,1,0,3,25,0,1,,,
426,13,Matt Ryan,QB,2019,NO@ATL,21.00,312,2,2,3,21,1,0,,,
427,13,Philip Rivers,QB,2019,LAC@DEN,20.00,265,2,1,0,0,0,0,,,
428,13,Russell Wilson,QB,2019,MIN@SEA,20.00,240,2,1,4,13,0,0,,,
429,13,Taysom Hill,QB,2019,NO@ATL,18.00,0,0,0,2,33,0,1,,,
430,13,Ryan Tannehill,QB,2019,TEN@IND,18.00,182,2,0,4,5,1,0,,,
431,13,Drew Lock,QB,2019,LAC@DEN,16.00,134,2,1,3,15,0,0,,,
432,13,Andy Dalton,QB,2019,NYJ@CIN,15.00,243,1,0,5,-4,0,0,,,
433,13,Jacoby Brissett,QB,2019,TEN@IND,14.00,319,1,2,1,-1,0,0,,,
434,13,Drew Brees,QB,2019,NO@ATL,13.00,184,1,0,1,-1,0,0,,,
435,13,Devlin Hodges,QB,2019,CLE@PIT,12.00,212,1,1,5,2,0,0,,,
436,13,Kyler Murray,QB,2019,LA@ARI,12.00,163,0,1,4,28,0,1,,,
437,13,Jimmy Garoppolo,QB,2019,SF@BAL,11.00,165,1,0,3,5,1,0,,,
438,13,Gardner Minshew,QB,2019,TB@JAX,11.00,147,1,1,2,8,0,0,,,
439,13,Jameis Winston,QB,2019,TB@JAX,11.00,268,0,0,6,20,1,0,,,
440,13,Derek Carr,QB,2019,OAK@KC,10.00,222,1,2,3,7,0,0,,,
441,13,Baker Mayfield,QB,2019,CLE@PIT,10.00,196,1,1,1,2,1,0,,,
442,13,Sam Darnold,QB,2019,NYJ@CIN,9.00,239,0,0,2,9,0,0,,,
443,13,Daniel Jones,QB,2019,GB@NYG,9.00,240,1,3,5,6,0,0,,,
444,13,Dwayne Haskins,QB,2019,WAS@CAR,5.00,147,0,0,4,6,0,0,,,
445,13,Blake Bortles,QB,2019,LA@ARI,0.00,3,0,0,1,-10,0,0,,,
446,13,Tim Boyle,QB,2019,GB@NYG,0.00,0,0,0,2,-4,0,0,,,
447,13,Garrett Gilbert,QB,2019,CLE@PIT,0.00,0,0,0,0,0,0,0,,,
448,13,Matt Moore,QB,2019,OAK@KC,0.00,0,0,0,1,-1,0,0,,,
449,13,Nick Foles,QB,2019,TB@JAX,-1.00,93,0,1,1,3,2,0,,,
450,14,Drew Brees,QB,2019,SF@NO,49.00,349,5,0,1,1,0,1,,,
451,14,Jameis Winston,QB,2019,IND@TB,42.00,456,4,3,6,5,0,1,,,
452,14,Mitchell Trubisky,QB,2019,DAL@CHI,37.00,244,3,1,10,63,0,1,,,
453,14,Jimmy Garoppolo,QB,2019,SF@NO,35.00,349,4,1,2,1,0,0,,,
454,14,Ryan Tannehill,QB,2019,TEN@OAK,32.00,391,3,1,4,19,0,0,,,
455,14,Philip Rivers,QB,2019,LAC@JAX,30.00,314,3,0,1,0,0,0,,,
456,14,Drew Lock,QB,2019,DEN@HOU,29.00,309,3,1,3,15,0,0,,,
457,14,Deshaun Watson,QB,2019,DEN@HOU,29.00,292,1,2,6,44,0,2,,,
458,14,Jacoby Brissett,QB,2019,IND@TB,26.00,251,2,0,4,26,0,0,,,
459,14,Lamar Jackson,QB,2019,BAL@BUF,25.00,145,3,1,11,40,0,0,,,
460,14,Matt Ryan,QB,2019,CAR@ATL,24.00,313,2,0,1,8,0,0,,,
461,14,Carson Wentz,QB,2019,NYG@PHI,24.00,325,2,0,5,9,1,0,,,
462,14,Derek Carr,QB,2019,TEN@OAK,23.00,262,2,0,2,17,0,0,,,
463,14,Kyle Allen,QB,2019,CAR@ATL,20.00,293,1,2,6,24,1,1,,,
464,14,Sam Darnold,QB,2019,MIA@NYJ,20.00,270,2,1,3,3,0,0,,,
465,14,Eli Manning,QB,2019,NYG@PHI,20.00,203,2,0,2,-1,0,0,,,
466,14,Jared Goff,QB,2019,SEA@LA,19.00,293,2,2,2,4,0,0,,,
467,14,Dak Prescott,QB,2019,DAL@CHI,19.00,334,1,0,3,1,0,0,,,
468,14,Kirk Cousins,QB,2019,DET@MIN,15.00,242,1,0,1,-1,0,0,,,
469,14,Devlin Hodges,QB,2019,PIT@ARI,15.00,152,1,0,5,34,0,0,,,
470,14,Patrick Mahomes,QB,2019,KC@NE,15.00,283,1,1,6,6,0,0,,,
471,14,Gardner Minshew,QB,2019,LAC@JAX,15.00,162,1,0,6,31,0,0,,,
472,14,Ryan Fitzpatrick,QB,2019,MIA@NYJ,13.00,245,0,1,7,65,0,0,,,
473,14,Kyler Murray,QB,2019,PIT@ARI,13.00,194,2,3,6,2,0,0,,,
474,14,Aaron Rodgers,QB,2019,WAS@GB,13.00,195,1,0,5,16,1,0,,,
475,14,Josh Allen,QB,2019,BAL@BUF,12.00,146,1,0,2,9,1,0,,,
476,14,Tom Brady,QB,2019,KC@NE,12.00,169,1,1,2,20,0,0,,,
477,14,David Blough,QB,2019,DET@MIN,10.00,205,1,2,0,0,0,0,,,
478,14,Dwayne Haskins,QB,2019,WAS@GB,10.00,170,1,1,1,-1,0,0,,,
479,14,Baker Mayfield,QB,2019,CIN@CLE,10.00,192,0,2,2,13,0,1,,,
480,14,Andy Dalton,QB,2019,CIN@CLE,9.00,262,0,1,3,11,0,0,,,
481,14,Russell Wilson,QB,2019,SEA@LA,9.00,245,0,1,5,28,0,0,,,
482,14,Tyrod Taylor,QB,2019,LAC@JAX,8.00,26,1,0,4,10,0,0,,,
483,14,Taysom Hill,QB,2019,SF@NO,3.00,0,0,0,5,13,0,0,,,
484,14,Garrett Gilbert,QB,2019,CIN@CLE,0.00,0,0,0,1,-1,0,0,,,
485,14,Ryan Griffin,QB,2019,IND@TB,0.00,18,0,0,0,0,0,0,,,
486,14,Matt Schaub,QB,2019,CAR@ATL,0.00,0,0,0,1,-1,0,0,,,
487,15,Lamar Jackson,QB,2019,NYJ@BAL,46.00,212,5,0,8,86,0,0,,,
488,15,Jameis Winston,QB,2019,TB@DET,40.00,458,4,1,2,4,0,0,,,
489,15,Drew Brees,QB,2019,IND@NO,36.00,307,4,0,0,0,0,0,,,
490,15,Ryan Tannehill,QB,2019,HOU@TEN,28.00,279,2,1,3,10,0,1,,,
491,15,Carson Wentz,QB,2019,PHI@WAS,27.00,266,3,0,3,9,1,0,,,
492,15,Patrick Mahomes,QB,2019,DEN@KC,26.00,340,2,1,3,11,0,0,,,
493,15,Ryan Fitzpatrick,QB,2019,MIA@NYG,25.00,279,2,0,4,33,1,0,,,
494,15,Dwayne Haskins,QB,2019,PHI@WAS,23.00,261,2,0,3,26,1,0,,,
495,15,Russell Wilson,QB,2019,SEA@CAR,23.00,286,2,0,3,-1,0,0,,,
496,15,Gardner Minshew,QB,2019,JAX@OAK,22.00,201,2,0,5,27,0,0,,,
497,15,Matt Ryan,QB,2019,ATL@SF,22.00,210,2,0,5,27,0,0,,,
498,15,Jared Goff,QB,2019,LA@DAL,21.00,284,2,1,3,2,0,0,,,
499,15,Dak Prescott,QB,2019,LA@DAL,21.00,212,2,0,7,12,0,0,,,
500,15,Sam Darnold,QB,2019,NYJ@BAL,20.00,218,2,1,1,11,1,0,,,
501,15,Baker Mayfield,QB,2019,CLE@ARI,20.00,247,2,1,2,11,0,0,,,
502,15,Deshaun Watson,QB,2019,HOU@TEN,20.00,243,2,2,7,32,0,0,,,
503,15,Josh Allen,QB,2019,BUF@PIT,17.00,139,1,1,7,28,0,1,,,
504,15,Tom Brady,QB,2019,NE@CIN,17.00,128,2,0,2,-2,0,0,,,
505,15,Derek Carr,QB,2019,JAX@OAK,17.00,267,1,0,1,12,0,0,,,
506,15,Eli Manning,QB,2019,MIA@NYG,17.00,283,2,3,0,0,0,0,,,
507,15,Kyler Murray,QB,2019,CLE@ARI,17.00,219,1,1,8,56,0,0,,,
508,15,Mitchell Trubisky,QB,2019,CHI@GB,17.00,334,1,2,4,29,0,0,,,
509,15,Aaron Rodgers,QB,2019,CHI@GB,16.00,203,1,0,3,23,0,0,,,
510,15,Jimmy Garoppolo,QB,2019,ATL@SF,14.00,200,1,0,2,6,0,0,,,
511,15,Kyle Allen,QB,2019,SEA@CAR,13.00,277,1,3,5,25,0,0,,,
512,15,Kirk Cousins,QB,2019,MIN@LAC,13.00,207,1,1,3,14,0,0,,,
513,15,Taysom Hill,QB,2019,IND@NO,12.00,0,0,0,2,1,0,0,,,
514,15,Philip Rivers,QB,2019,MIN@LAC,11.00,307,1,3,0,0,1,0,,,
515,15,David Blough,QB,2019,TB@DET,7.00,260,0,2,5,19,0,0,,,
516,15,Jacoby Brissett,QB,2019,IND@NO,6.00,165,0,0,1,7,0,0,,,
517,15,Devlin Hodges,QB,2019,BUF@PIT,6.00,202,1,4,1,4,0,0,,,
518,15,Drew Lock,QB,2019,DEN@KC,6.00,208,0,1,2,3,0,0,,,
519,15,Andy Dalton,QB,2019,NE@CIN,4.00,151,1,4,2,1,0,0,,,
520,15,Teddy Bridgewater,QB,2019,IND@NO,0.00,0,0,0,3,-3,0,0,,,
521,15,Robert Griffin III,QB,2019,NYJ@BAL,0.00,0,0,0,4,6,0,0,,,
522,15,Ryan Griffin,QB,2019,TB@DET,0.00,0,0,0,4,-1,0,0,,,
523,15,Sean Mannion,QB,2019,MIN@LAC,0.00,0,0,0,3,-3,0,0,,,
524,15,Alex Tanney,QB,2019,MIA@NYG,0.00,1,0,0,0,0,0,0,,,
525,16,Daniel Jones,QB,2019,NYG@WAS,45.00,352,5,0,3,12,0,0,,,
526,16,Andy Dalton,QB,2019,CIN@MIA,42.00,396,4,0,0,0,1,0,,,
527,16,Ryan Fitzpatrick,QB,2019,CIN@MIA,38.00,419,4,1,5,9,0,0,,,
528,16,Lamar Jackson,QB,2019,BAL@CLE,36.00,238,3,0,17,103,1,0,,,
529,16,Drew Brees,QB,2019,NO@TEN,29.00,279,3,0,3,-3,0,0,,,
530,16,Patrick Mahomes,QB,2019,KC@CHI,29.00,251,2,0,2,14,0,1,,,
531,16,Ryan Tannehill,QB,2019,NO@TEN,28.00,272,3,0,1,8,0,0,,,
532,16,Josh Allen,QB,2019,BUF@NE,24.00,208,2,0,7,43,0,0,,,
533,16,Derek Carr,QB,2019,OAK@LAC,23.00,291,1,0,1,3,0,1,,,
534,16,Jared Goff,QB,2019,LA@SF,23.00,323,2,1,4,12,0,0,,,
535,16,Carson Wentz,QB,2019,DAL@PHI,20.00,319,1,0,6,22,0,0,,,
536,16,Tom Brady,QB,2019,BUF@NE,18.00,271,1,0,4,4,0,0,,,
537,16,Case Keenum,QB,2019,NYG@WAS,18.00,158,1,0,1,1,0,1,,,
538,16,Dwayne Haskins,QB,2019,NYG@WAS,17.00,133,2,0,0,0,0,0,,,
539,16,Baker Mayfield,QB,2019,BAL@CLE,17.00,192,2,1,2,4,0,0,,,
540,16,Matt Ryan,QB,2019,JAX@ATL,17.00,384,1,2,4,6,0,0,,,
541,16,Gardner Minshew,QB,2019,JAX@ATL,16.00,181,1,0,7,36,0,0,,,
542,16,Jacoby Brissett,QB,2019,CAR@IND,14.00,119,0,0,3,37,0,1,,,
543,16,Drew Lock,QB,2019,DET@DEN,14.00,192,1,0,4,10,0,0,,,
544,16,Kyler Murray,QB,2019,ARI@SEA,14.00,118,1,0,6,40,0,0,,,
545,16,Sam Darnold,QB,2019,PIT@NYJ,12.00,183,1,0,4,3,1,0,,,
546,16,Russell Wilson,QB,2019,ARI@SEA,12.00,169,1,0,2,2,0,0,,,
547,16,Jameis Winston,QB,2019,HOU@TB,12.00,335,1,4,2,16,0,0,,,
548,16,Jimmy Garoppolo,QB,2019,LA@SF,11.00,248,1,2,4,5,0,0,,,
549,16,Philip Rivers,QB,2019,OAK@LAC,11.00,279,0,0,0,0,0,0,,,
550,16,Mason Rudolph,QB,2019,PIT@NYJ,11.00,129,1,0,2,0,0,0,,,
551,16,David Blough,QB,2019,DET@DEN,10.00,117,1,0,0,0,0,0,,,
552,16,Dak Prescott,QB,2019,DAL@PHI,10.00,265,0,0,1,7,0,0,,,
553,16,Kirk Cousins,QB,2019,GB@MIN,8.00,122,1,1,0,0,0,0,,,
554,16,Aaron Rodgers,QB,2019,GB@MIN,8.00,216,0,1,3,-3,0,0,,,
555,16,Mitchell Trubisky,QB,2019,KC@CHI,8.00,157,0,0,6,20,0,0,,,
556,16,Deshaun Watson,QB,2019,HOU@TB,8.00,184,0,1,7,37,0,0,,,
557,16,Taysom Hill,QB,2019,NO@TEN,5.00,20,0,0,2,11,0,0,,,
558,16,Brett Hundley,QB,2019,ARI@SEA,4.00,49,0,0,6,35,0,0,,,
559,16,Will Grier,QB,2019,CAR@IND,3.00,224,0,3,4,17,0,0,,,
560,16,Brian Hoyer,QB,2019,CAR@IND,0.00,0,0,0,3,-2,0,0,,,
561,16,Matt Moore,QB,2019,KC@CHI,0.00,0,0,0,1,-1,0,0,,,
562,16,Tyrod Taylor,QB,2019,OAK@LAC,0.00,0,0,0,2,-2,0,0,,,
563,16,Devlin Hodges,QB,2019,PIT@NYJ,-1.00,84,0,2,1,0,0,0,,,
564,17,Dak Prescott,QB,2019,WAS@DAL,38.00,303,4,0,3,35,1,0,,,
565,17,Jared Goff,QB,2019,ARI@LA,30.00,319,3,0,2,4,0,0,,,
566,17,Gardner Minshew,QB,2019,IND@JAX,29.00,295,3,1,5,7,0,0,,,
567,17,Drew Brees,QB,2019,NO@CAR,28.00,253,3,0,1,-1,0,0,,,
568,17,Ryan Fitzpatrick,QB,2019,MIA@NE,25.00,320,1,0,5,15,0,1,,,
569,17,Baker Mayfield,QB,2019,CLE@CIN,25.00,279,3,3,4,29,0,0,,,
570,17,Russell Wilson,QB,2019,SF@SEA,23.00,233,2,0,8,29,0,0,,,
571,17,Aaron Rodgers,QB,2019,GB@DET,22.00,323,2,1,2,1,0,0,,,
572,17,Derek Carr,QB,2019,OAK@DEN,21.00,391,1,0,1,0,0,0,,,
573,17,Ryan Tannehill,QB,2019,TEN@HOU,21.00,198,2,0,5,20,0,0,,,
574,17,Kyler Murray,QB,2019,ARI@LA,19.00,325,2,2,2,0,2,0,,,
575,17,Philip Rivers,QB,2019,LAC@KC,19.00,281,2,2,1,5,0,0,,,
576,17,Tom Brady,QB,2019,MIA@NE,18.00,221,2,1,0,0,0,0,,,
577,17,Andy Dalton,QB,2019,CLE@CIN,18.00,190,1,1,8,10,0,1,,,
578,17,Carson Wentz,QB,2019,PHI@NYG,18.00,289,1,0,3,15,0,0,,,
579,17,Jameis Winston,QB,2019,ATL@TB,18.00,201,2,2,2,5,0,0,,,
580,17,Daniel Jones,QB,2019,PHI@NYG,17.00,301,1,1,3,26,1,0,,,
581,17,Matt Ryan,QB,2019,ATL@TB,17.00,313,1,0,2,0,1,0,,,
582,17,A.J. McCarron,QB,2019,TEN@HOU,16.00,225,0,1,5,39,0,1,,,
583,17,Drew Lock,QB,2019,OAK@DEN,14.00,177,1,0,6,29,1,0,,,
584,17,Case Keenum,QB,2019,WAS@DAL,12.00,206,1,1,0,0,0,0,,,
585,17,Patrick Mahomes,QB,2019,LAC@KC,12.00,174,1,1,7,21,0,0,,,
586,17,David Blough,QB,2019,GB@DET,11.00,122,0,1,2,11,0,0,,,
587,17,Sam Darnold,QB,2019,NYJ@BUF,11.00,199,1,1,3,-2,0,0,,,
588,17,Jimmy Garoppolo,QB,2019,SF@SEA,11.00,285,0,0,2,4,0,0,,,
589,17,Taysom Hill,QB,2019,NO@CAR,11.00,0,0,0,2,4,0,0,,,
590,17,Kyle Allen,QB,2019,NO@CAR,9.00,295,0,1,2,5,0,0,,,
591,17,Mitchell Trubisky,QB,2019,CHI@MIN,7.00,207,0,0,2,1,1,0,,,
592,17,Robert Griffin III,QB,2019,PIT@BAL,6.00,96,0,1,8,50,0,0,,,
593,17,Jacoby Brissett,QB,2019,IND@JAX,5.00,162,0,0,4,17,2,0,,,
594,17,Matt Barkley,QB,2019,NYJ@BUF,4.00,232,0,2,2,-4,1,0,,,
595,17,Devlin Hodges,QB,2019,PIT@BAL,2.00,95,0,0,1,-1,1,0,,,
596,17,Josh Allen,QB,2019,NYJ@BUF,0.00,5,0,0,0,0,0,0,,,
597,17,Teddy Bridgewater,QB,2019,NO@CAR,0.00,14,0,0,3,-3,0,0,,,
598,17,Brett Hundley,QB,2019,ARI@LA,0.00,0,0,0,1,6,0,0,,,
599,17,Sean Mannion,QB,2019,CHI@MIN,0.00,126,0,2,1,0,1,0,,,
600,17,Marcus Mariota,QB,2019,TEN@HOU,0.00,24,0,0,0,0,0,0,,,
601,17,Trace McSorley,QB,2019,PIT@BAL,0.00,0,0,0,1,1,0,0,,,
602,17,Will Grier,QB,2019,NO@CAR,-3.00,4,0,1,3,5,1,0,,,